year,Afghanistan,Albania,Algeria,American Samoa,Andorra,Angola,Antigua and Barbuda,Argentina,Armenia,Aruba,Australia,Austria,Azerbaijan,"Bahamas, The",Bahrain,Bangladesh,Barbados,Belarus,Belgium,Belize,Benin,Bermuda,Bhutan,Bolivia,Bosnia and Herzegovina,Botswana,Brazil,British Virgin Islands,Brunei Darussalam,Bulgaria,Burkina Faso,Burundi,Cabo Verde,Cambodia,Cameroon,Canada,Cayman Islands,Central African Republic,Chad,Chile,China,Colombia,Comoros,"Congo, Dem. Rep.","Congo, Rep.",Costa Rica,Cote d'Ivoire,Croatia,Cuba,Curacao,Cyprus,Czech Republic,Denmark,Djibouti,Dominica,Dominican Republic,Ecuador,"Egypt, Arab Rep.",El Salvador,Equatorial Guinea,Eritrea,Estonia,Eswatini,Ethiopia,Faroe Islands,Fiji,Finland,France,French Polynesia,Gabon,"Gambia, The",Georgia,Germany,Ghana,Gibraltar,Greece,Greenland,Grenada,Guam,Guatemala,Guinea,Guinea-Bissau,Guyana,Haiti,Honduras,"Hong Kong SAR, China",Hungary,Iceland,India,Indonesia,"Iran, Islamic Rep.",Iraq,Ireland,Isle of Man,Israel,Italy,Jamaica,Japan,Jordan,Kazakhstan,Kenya,Kiribati,"Korea, Dem. People's Rep.","Korea, Rep.",Kuwait,Kyrgyz Republic,Lao PDR,Latvia,Lebanon,Lesotho,Liberia,Libya,Liechtenstein,Lithuania,Luxembourg,"Macao SAR, China",Madagascar,Malawi,Malaysia,Maldives,Mali,Malta,Marshall Islands,Mauritania,Mauritius,Mexico,"Micronesia, Fed. Sts.",Moldova,Monaco,Mongolia,Montenegro,Morocco,Mozambique,Myanmar,Namibia,Nauru,Nepal,Netherlands,New Caledonia,New Zealand,Nicaragua,Niger,Nigeria,North Macedonia,Northern Mariana Islands,Norway,Oman,Pakistan,Palau,Panama,Papua New Guinea,Paraguay,Peru,Philippines,Poland,Portugal,Puerto Rico,Qatar,Romania,Russian Federation,Rwanda,Samoa,San Marino,Sao Tome and Principe,Saudi Arabia,Senegal,Serbia,Seychelles,Sierra Leone,Singapore,Sint Maarten (Dutch part),Slovak Republic,Slovenia,Solomon Islands,Somalia,South Africa,South Sudan,Spain,Sri Lanka,St. Kitts and Nevis,St. Lucia,St. Martin (French part),St. Vincent and the Grenadines,Sudan,Suriname,Sweden,Switzerland,Syrian Arab Republic,Tajikistan,Tanzania,Thailand,Timor-Leste,Togo,Tonga,Trinidad and Tobago,Tunisia,Turkiye,Turkmenistan,Turks and Caicos Islands,Tuvalu,Uganda,Ukraine,United Arab Emirates,United Kingdom,United States,Uruguay,Uzbekistan,Vanuatu,"Venezuela, RB",Vietnam,Virgin Islands (U.S.),West Bank and Gaza,"Yemen, Rep.",Zambia,Zimbabwe,sum
1990,0.191745115,1.819541634,2.443429976,0.0,7.521831658,0.553661955,3.358226856,3.075541328,5.610254358,0.0,15.44848844,7.58936421,7.453450775,7.649467074,21.65641314,0.111658248,3.755753393,9.797486552,10.96677472,1.759493266,0.066285172,0.0,0.150715617,1.516423036,5.370319006,2.183786203,1.328159172,0.0,12.60078697,8.443170443,0.056747035,0.031255981,0.295899134,0.140380634,0.246178169,15.14888987,0.0,0.053442784,0.065400579,2.299124713,1.914542564,1.472091184,0.170068854,0.091875589,1.357807819,0.920038109,0.227256089,4.257574464,3.361333119,0.0,5.987352208,14.53545339,10.13239021,0.457322495,0.852006475,1.101844805,1.507194213,1.563210403,0.451606562,0.143133868,0.0,22.4831663,0.680914809,0.048237691,0.0,0.947054181,10.94169357,6.117208209,0.0,4.318093972,0.198829002,6.974177426,12.02660923,0.188854549,0.0,7.416057913,0.0,1.141931733,0.0,0.434248626,0.157423742,0.174311597,1.574048911,0.144929287,0.494419916,0.0,6.498947174,7.65228038,0.645361649,0.818737765,3.521081033,3.686180806,8.810537585,0.0,7.255364807,7.145018163,3.086903142,8.831775701,2.784720103,14.51247859,0.258803383,0.276265989,6.077448065,5.77756339,13.90221204,5.18309346,0.119761295,7.051796913,2.004971759,0.199558975,0.216771672,6.446286319,6.946856547,8.713199442,29.56658374,0.0,0.076733088,0.058482648,3.029425024,0.716977581,0.001183444,6.522291555,0.0,0.462064731,1.095605771,3.211459758,0.0,10.2825876,0.0,5.93826675,3.166373117,0.866674748,0.086238147,0.098705248,0.0,13.67557332,0.049721033,9.924081247,0.0,6.700102108,0.462448798,0.07101395,0.764290772,4.303137233,0.0,6.91033516,6.577792886,0.548361744,0.0,1.088651877,0.470119976,0.49012493,0.946019228,0.663702849,9.189263028,4.113903954,0.0,26.32932654,7.440359782,14.62146834,0.075457378,0.55283574,0.0,0.419424382,10.55884314,0.309580822,8.161086211,2.158056023,0.074078138,9.507300635,0.0,10.34309603,6.771226142,0.480971177,0.101036818,6.729798587,0.078286865,5.530352721,0.221635184,2.732240437,1.376622059,0.0,0.744262204,0.266533092,4.343866387,6.233324979,6.452219106,2.602407424,2.085615856,0.074988549,1.577490201,0.0,0.259650108,0.841494073,10.76879359,1.764025978,2.581518206,12.12005066,0.0,1.122334456,0.04552161,13.27040704,30.19518857,9.812990193,19.40734628,1.23810216,5.742077036,0.477571209,5.176576894,0.284311304,0.0,0.0,0.56703735,0.340929635,1.585443976,814.8332947669996
1991,0.167681579,1.24281022,2.516243273,0.0,7.23537924,0.544538649,3.472057826,3.202031307,5.902576393,0.0,15.31821338,8.049113779,7.159655082,7.815882333,20.30359266,0.102557668,3.741714774,9.438839323,11.39089005,2.249707015,0.052432316,0.0,0.243155636,1.550319934,4.906942041,2.058325247,1.354979891,0.0,12.69683856,6.815048526,0.056353056,0.039533341,0.288826182,0.139945989,0.574233855,14.74101397,0.0,0.048636324,0.064965808,2.171133484,2.000538765,1.494149829,0.165143805,0.048456844,1.316923666,0.955627946,0.22568426,3.143512656,2.568971064,0.0,6.525172994,13.28020218,12.18400644,0.477883077,0.85255126,1.131985212,1.50298745,1.556302956,0.574670687,0.161721082,0.0,20.20093332,0.662512555,0.04696636,0.0,0.924669363,10.99578359,6.500247467,0.0,4.673160584,0.201476622,5.275129759,11.65485055,0.168339541,0.0,7.346951195,0.0,1.244013187,0.0,0.433481836,0.156084161,0.170422306,1.531276319,0.139302715,0.480524631,0.0,6.222646384,7.408930282,0.681306247,0.879778596,3.798607899,2.546192431,8.904331489,0.0,6.975146494,7.119107279,3.037720619,8.905650027,2.600722831,14.97534208,0.240195282,0.271399881,5.693587281,6.346819075,3.849757076,4.574782687,0.125592741,6.489143324,2.40955608,0.200856913,0.181360014,6.34208763,7.200164575,9.257224496,30.36175711,0.0,0.079545775,0.06666416,3.515129989,0.696430359,0.001158007,6.074015034,0.0,0.469367991,1.167933953,3.3679239,0.0,8.267454158,0.0,6.654889856,2.240139679,0.91526633,0.070528058,0.095965184,0.758602519,13.31148884,0.060807484,10.2529576,0.0,6.474778976,0.449904747,0.065148631,0.838865429,4.204075244,0.0,6.412885653,8.300941882,0.544418959,0.0,1.236566704,0.461322646,0.46604472,0.899993575,0.640613627,9.193594772,4.294075391,0.0,30.73741059,6.20664484,14.39705709,0.07058231,0.609756098,0.0,0.410007462,11.2045202,0.300431835,6.872367238,2.413435739,0.07818495,9.719040931,0.0,9.039664782,6.371819154,0.498782659,0.09760757,6.424621766,0.075643258,5.699785887,0.227535412,2.724053391,1.428561225,0.0,0.835096314,0.229759152,4.963572222,6.294260143,6.716198199,2.79117312,1.883111545,0.071766832,1.713537757,0.0,0.240745659,0.944951335,10.61745591,1.783372772,2.622145146,9.973112973,0.0,1.1093854,0.045116466,12.53699484,31.77849624,9.93784978,19.00340342,1.395427405,5.659602902,0.46444353,5.025299664,0.285150749,0.0,0.0,0.690937429,0.349232211,1.713321439,798.0604885409999
1992,0.095957742,0.683699826,2.472960779,0.0,6.9630787,0.543557223,4.49898385,3.218973722,3.16600926,0.0,15.34152615,7.353926794,8.616847624,9.660637226,23.45712527,0.109460957,4.488569364,8.612563831,11.18250206,2.573022375,0.052515049,0.0,0.224498386,1.557063153,3.772138283,2.420169251,1.347535542,0.0,13.10754761,6.482311113,0.055931359,0.0316591,0.309194604,0.140275786,0.548021965,15.0282342,0.0,0.050688759,0.064498459,2.209941852,2.07574444,1.52545272,0.160383454,0.039642237,1.257055879,1.262731913,0.216196337,3.286844013,2.027684176,0.0,6.844780855,12.99916669,11.02802546,0.487765222,1.13401185,1.29853669,1.572395858,1.54942798,0.618500323,2.01221189,0.19489784,15.53723817,0.66897733,0.029558418,0.0,0.967130979,10.36891768,6.263082143,0.0,4.518374223,0.194651749,4.118190212,11.07379165,0.196763056,0.0,7.51798648,0.0,1.749673223,0.0,0.5060742,0.156342316,0.176409537,1.442700736,0.12295937,0.520527766,0.0,5.593412349,7.431327258,0.688755269,0.913551696,3.974966067,3.6592377,8.855028763,0.0,7.195002928,7.082581542,3.311598681,8.961703838,2.999245538,15.44123931,0.234935687,0.267497693,5.000141613,6.790030585,0.0,3.056207645,0.133323082,5.343608975,2.282085983,0.196377233,0.19983893,5.663424854,7.106118029,5.399833627,29.17065086,0.0,0.078040291,0.065042504,3.53476829,0.973458444,0.001129901,5.902866563,1.624629381,0.47138,1.217216981,3.349750726,1.084962421,6.825365369,0.0,5.732127774,2.432146402,0.967663773,0.079675509,0.100939382,0.804244831,11.96410768,0.061690247,10.09275057,0.0,6.903191098,0.51323011,0.058365034,0.916617756,4.294351118,0.0,7.045537737,7.522921717,0.588002264,12.61113563,1.413071454,0.45076564,0.555678165,0.915668698,0.677021163,8.950395696,4.699324611,0.0,29.63244066,5.536037017,13.67197153,0.074601935,0.604266119,0.0,0.321094289,11.69031249,0.321648442,6.2761364,2.543702217,0.073601677,9.722357212,0.0,8.689888965,6.426252368,0.515145271,0.093209675,6.175429944,0.067854766,5.934211892,0.295994317,3.686318842,2.116282679,0.0,1.111718439,0.208791938,4.873317517,6.547019076,6.646920803,2.665368686,1.39754911,0.068988017,1.867290884,0.0,0.19007061,0.838592004,10.63326554,1.870242766,2.687046317,7.205418269,0.0,1.097694841,0.044177064,11.01889918,29.08092584,9.688886854,19.02286035,1.512145189,5.272040655,0.386657731,5.015640373,0.293580361,0.0,0.0,0.704793064,0.33722439,1.694415977,789.0436935060003
1993,0.08472111,0.638307036,2.613303742,0.0,6.724177518,0.70898423,3.800720617,3.245795281,1.498612445,0.0,15.45536877,7.311242503,6.411111704,7.710327781,24.37468762,0.113909624,3.789759312,7.463583047,10.91876374,2.378241619,0.052519477,0.0,0.244090201,1.3948037,3.285167225,2.322905275,1.372402004,0.0,13.95180415,6.601503037,0.055483015,0.032769615,0.300499649,0.138405153,0.448535384,14.71338582,0.0,0.052525353,0.062462627,2.317687556,2.244840637,1.592418764,0.155808311,0.048949095,1.050830508,1.239510862,0.223032003,3.377920874,1.867588962,0.0,7.010687023,12.67975204,11.4404039,0.485041326,1.129656302,1.261517476,1.546326858,1.547411237,0.713963338,2.075061009,0.281421994,12.2747181,0.664634462,0.036400784,0.0,0.927198985,10.55177326,5.911675954,0.0,4.515575823,0.197952418,3.276251756,10.93025817,0.198053537,0.0,7.465286989,0.0,1.526966224,0.0,0.521928185,0.156585939,0.172509466,1.445353057,0.092484818,0.537592948,0.0,5.636482777,7.507820647,0.702336947,0.969813213,3.963749034,4.724853017,8.850025208,0.0,7.698156244,6.984291424,3.348650458,8.873018289,2.903684085,13.38406629,0.224209954,0.396243611,4.547670648,7.41266563,0.0,2.238359865,0.132036175,4.587853891,3.182251845,0.197559373,0.21247523,6.430943902,7.336512489,4.274139042,29.3100195,0.0,0.078892544,0.074147802,3.748543552,0.824415901,0.001100452,7.567841253,1.806213374,0.477590108,1.339561535,3.392592466,1.058700109,5.855813131,0.0,5.235958353,2.114164905,0.978008048,0.089764421,0.112147375,0.906695269,10.69310781,0.068814146,10.34311274,0.0,6.707351212,0.492997641,0.064331929,0.839721221,4.455591263,0.0,7.520887683,7.325880047,0.629875234,12.28124041,1.445095498,0.446550077,0.619029493,0.931300166,0.717783418,8.94455034,4.595232659,0.0,33.12202505,5.170608102,12.66513195,0.08142077,0.658221486,0.0,0.314797035,11.44269558,0.305102295,5.548551318,2.629648596,0.076230693,10.91302746,0.0,8.322528005,6.808097016,0.530189896,0.087481123,6.219193872,0.048209388,5.540472762,0.283963689,3.402931382,2.022286997,0.0,1.203302603,0.142490378,4.812769258,6.480427217,6.26237251,2.645027959,0.924317359,0.068848781,2.103611326,0.0,0.156364636,0.941856084,8.620100434,1.865634735,2.746152562,6.724362713,0.0,1.087665869,0.042240331,9.569138661,29.27567777,9.379643108,19.2183334,1.412956528,5.222404521,0.375603313,5.109697434,0.335268281,0.0,0.0,0.627104927,0.289956061,1.539740958,772.1542868890006
1994,0.075545827,0.645355189,2.609009067,0.0,6.541578914,0.836804405,3.720182735,3.252945287,0.83443373,0.0,15.69196304,7.343640808,4.412529372,7.504105507,24.32722575,0.120101811,3.888362471,6.337174653,11.35869013,2.231268501,0.049000606,0.0,0.263204896,1.274978599,0.802738048,2.147746853,1.39557303,0.0,14.75201415,6.36222195,0.055008952,0.032209046,0.292235308,0.143440027,0.349180537,15.06034534,0.0,0.051036406,0.063411943,2.515821652,2.32219225,1.587852986,0.15142338,0.054902777,0.782572193,1.402208667,0.224965523,3.196458144,2.00397455,0.0,7.143676294,12.06841342,12.13941892,0.465965255,1.126062722,1.44982103,1.677373454,1.438724008,0.801881941,2.149868816,0.329060654,12.18449875,0.672085956,0.040956131,0.0,0.91430721,11.77792413,5.805094459,0.0,4.369819116,0.191917706,2.158775007,10.75537534,0.208916042,0.0,7.583999957,0.0,1.610549097,0.0,0.540970172,0.158167092,0.168800904,1.857962092,0.024992377,0.585694388,0.0,5.586195195,7.856522605,0.725358158,1.027138052,4.401507243,5.226377052,9.141078424,0.0,8.031116873,6.901240953,3.339920177,9.273035198,2.945339799,12.33574177,0.217806655,0.391297543,4.112989451,7.936106147,0.0,1.450687692,0.135139786,4.054361771,3.31143438,0.193410816,0.211428091,7.959016831,6.575702778,4.049608109,26.8288143,0.0,0.09260291,0.075930962,3.991488828,0.804563484,0.00107125,6.69695862,1.792328833,0.474391715,1.356881365,3.621484603,1.037442233,4.770134505,0.0,4.525373003,2.060881043,1.042337759,0.073588194,0.130234082,1.030263358,10.48018293,0.082696086,10.22308107,0.0,6.693370166,0.554945043,0.059989206,0.743919145,4.314449166,0.0,7.934763835,7.535784504,0.63350157,11.9510009,1.505150483,0.406659423,0.715801818,0.945017704,0.755490772,8.814909778,4.734012075,0.0,36.46626328,5.066384997,11.35417901,0.079174523,0.592806881,0.0,0.386321141,11.32945089,0.308471769,5.029323282,2.829997979,0.081210642,11.10835531,0.0,7.799741542,6.841110803,0.543987082,0.085451629,6.215847077,0.066518357,5.776362895,0.318881886,3.604209717,2.136752137,0.0,1.295588521,0.201384281,4.75753794,6.661165994,6.089683784,2.683777468,0.535289582,0.066336376,2.327972141,0.0,0.220840821,0.940055777,7.034661916,1.830971655,2.672146507,8.152890388,0.0,1.080030241,0.036880718,8.005754853,30.84933296,9.248649611,19.25621185,1.333896048,4.865710328,0.365568337,4.960755178,0.362247903,0.0,0.0,0.653255714,0.241269619,1.417186242,764.5176213020001
1995,0.068467956,0.605436253,2.658062574,0.0,6.733479486,0.912141485,3.931733458,3.241341893,1.090960291,0.0,16.05688358,7.697264741,4.225196328,7.852123107,24.01995395,0.1437007,4.023237014,5.654400196,11.30237113,2.222630241,0.050799654,0.0,0.299272954,1.125639469,0.880114096,2.171289562,1.489199885,0.0,15.48237702,6.528617961,0.056492248,0.033405467,0.310649049,0.137948573,0.344118052,15.29060285,0.0,0.049648396,0.062766051,2.709851091,2.563478593,1.628436527,0.168281468,0.050750141,0.975057728,1.35664009,0.237327972,3.346298617,2.128901202,0.0,6.838977731,12.12132597,11.46488125,0.507626292,1.40637086,1.514213851,1.826244052,1.503512728,0.881213488,2.214313321,0.362939026,11.31812278,0.679731905,0.045049857,0.0,0.915623372,10.98126587,5.915833662,0.0,4.802060185,0.194935747,1.756223321,10.70862967,0.218054975,0.0,7.842151122,0.0,1.695151866,0.0,0.617296792,0.159567934,0.165312026,2.009725495,0.11621137,0.677875849,0.0,5.56009242,7.477530022,0.765476409,1.135810516,4.419079656,4.96641528,9.268903784,0.0,8.436429216,7.32562417,3.425813187,9.332839199,2.96371067,11.07974884,0.229398295,0.386020897,3.815701001,8.547004567,22.57291362,1.008683449,0.13824475,3.621648768,3.769436333,0.194880644,0.205413426,8.785975417,6.475845098,3.786060574,21.19302539,0.0,0.101666718,0.076185306,4.212791305,1.023042055,0.001043225,6.305988835,1.783803068,0.505698837,1.380899224,3.347468763,1.115915748,4.112038484,0.0,4.473422085,2.174225779,1.066523229,0.075565399,0.158080806,1.087313084,10.35196687,0.088060506,10.61581838,0.0,6.623291773,0.569624811,0.055846561,0.798252208,4.295959328,0.0,7.889091169,8.560668921,0.668461106,11.65637021,1.591434287,0.410637002,0.791318441,1.055591698,0.88487222,8.80943173,5.055766027,0.0,37.10217413,5.328802734,11.02262056,0.078814493,0.705674802,0.0,0.379711268,10.98944728,0.317600779,5.842349414,2.655901413,0.055762691,10.66248717,0.0,7.901903749,7.271824519,0.556675091,0.080089198,6.378789568,0.070338822,6.05602903,0.319027927,3.564892934,2.314956663,0.0,1.388336125,0.187177775,4.730101324,6.596850845,6.169852459,2.717230104,0.435400602,0.092076907,2.619592168,0.0,0.231881699,1.041970575,6.872907032,1.838823504,2.875024751,8.077776703,0.0,1.075500108,0.046538612,7.750500846,31.12501806,9.079951871,19.21690864,1.454590567,4.307658547,0.416267743,5.199924655,0.419167085,0.0,0.0,0.706080534,0.234153214,1.35661892,785.9594084719997
1996,0.062588034,0.612367359,2.600933527,0.0,6.99159455,1.072168465,3.98996808,3.476953205,0.814339187,0.0,16.42783027,8.154273323,3.502511915,7.289245722,24.45300444,0.143051512,3.969338731,5.772882688,11.76078263,1.684919966,0.159165853,0.0,0.369364195,1.065652964,1.113053568,1.940555211,1.594086243,0.0,15.85582037,6.612597225,0.060736157,0.034652836,0.353952768,0.139307228,0.340710332,15.59259037,0.0,0.051386918,0.062060628,3.078005784,2.521875898,1.581869344,0.163724738,0.053090425,1.137907578,1.247122739,0.276165392,3.348623038,2.303624049,0.0,7.10993261,12.28667367,13.93482212,0.466092544,1.127824849,1.600700939,2.050726602,1.55562046,0.771536727,2.306898985,0.396090631,12.15037645,0.486511984,0.048740284,0.0,0.981655786,12.20979777,6.157003248,0.0,5.220388447,0.188988662,1.41594528,11.04000324,0.234216124,0.0,7.800128195,0.0,1.881132244,0.0,0.587456968,0.16479581,0.162040267,2.076758574,0.134393061,0.663850804,0.0,5.668572484,8.441297654,0.787965578,1.184184804,4.491698593,4.757717976,9.572482275,0.0,8.56113844,7.248469279,3.533139402,9.420310599,2.930582178,9.846435028,0.243796174,0.380208861,3.346835235,9.005884083,21.90111245,1.246651111,0.157537917,3.666742362,3.910639126,0.191284262,0.203658446,9.020738565,6.697710021,3.951007507,21.09964391,0.0,0.094226322,0.073831789,4.693205258,1.080338609,0.0,6.106789855,1.781366902,0.51835307,1.419758094,3.464414786,1.10792071,3.529729999,0.0,3.751234044,2.536812422,1.040043425,0.072679678,0.164446293,1.154277621,9.365926758,0.088726517,11.1792938,0.0,6.808681672,0.594739592,0.062076405,0.905675443,5.056696831,0.0,7.897134573,8.664736401,0.673894593,11.36428206,1.57708908,0.419625844,0.76110383,1.133562187,0.941433601,9.199373349,4.843031237,0.0,40.07417742,5.491400063,10.80709102,0.079825555,0.759501066,0.0,0.373694871,11.4348952,0.328738032,6.780178094,3.140662418,0.071881391,10.49389981,0.0,7.84797448,7.688718051,0.568309442,0.074192831,6.489191889,0.070855097,5.76863509,0.455156967,3.531738557,2.284378212,0.0,1.389107545,0.173913858,4.707646244,7.19941346,6.223265482,2.84801264,0.382817379,0.100839156,2.90552882,0.0,0.312729373,0.831022053,7.307877956,1.868929957,3.118979737,7.139630031,0.0,1.073306858,0.049921986,6.778787962,30.92802588,9.377833976,19.5753803,1.678274475,4.288482239,0.524105963,5.44277249,0.460504544,0.0,0.0,0.698158168,0.188442077,1.287559412,800.1178813370001
1997,0.056826618,0.466921472,2.502439231,0.0,7.307441152,1.086636974,4.04423557,3.536989954,1.066043297,0.0,16.62526327,8.059697484,3.379580901,6.507448767,24.23826789,0.157872086,4.325404668,5.848321407,11.45537702,2.076046485,0.197400553,0.0,0.344381952,1.148983181,2.272441362,1.992957783,1.682504665,0.0,16.76486239,6.375068154,0.064694261,0.034301787,0.37105935,0.145150804,0.338807137,15.94398546,0.0,0.050111542,0.062637486,3.468768605,2.547901551,1.701578179,0.159376837,0.05179433,1.140452477,1.207329377,0.328471818,3.764123733,2.49778657,0.0,7.06919961,12.11067678,12.0435399,0.499350844,1.416591115,1.793576202,2.087611577,1.634401164,0.925815065,3.075724333,0.378099046,11.98255135,0.612404195,0.050413985,0.0,0.946090502,11.79415293,5.988008873,0.0,4.871501018,0.191583328,1.268990897,10.63756246,0.24010305,0.0,7.856482991,0.0,1.969143521,0.0,0.607135726,0.168361791,0.176599662,2.269204129,0.158142712,0.668243103,0.0,5.538125216,7.929833879,0.818533297,1.287603307,4.631249508,5.546284281,9.789963505,0.0,8.733721727,7.303872086,3.560490016,9.302379082,2.963781232,8.623745101,0.225730104,0.374120816,3.023022384,9.39295698,21.80958768,1.211566306,0.164346412,3.506174443,4.409001141,0.193084133,0.193447711,8.245395474,6.911718505,3.893557086,19.64477292,0.0,0.098969463,0.075012864,4.916803438,1.288679331,0.000990652,6.452607297,1.783838424,0.505430917,1.410800812,3.619874761,1.106266075,3.263471871,0.0,3.647660018,2.739860874,1.077299946,0.078672088,0.161013705,1.160168643,9.395847036,0.096967992,10.65362429,0.0,7.322878375,0.625562126,0.060914527,0.869487341,4.502047956,0.0,8.294823544,8.898730931,0.681838478,11.10124334,1.625841347,0.440639199,0.822313137,1.109041596,1.024087359,8.916766668,5.038096338,0.0,47.42957483,5.037248861,10.07001565,0.079440514,0.755528434,0.0,0.368104483,11.33964215,0.35155444,7.412623259,3.621360856,0.053052906,10.05258641,0.0,7.852074131,7.920618584,0.552634488,0.06930337,6.723589319,0.08315389,6.206095959,0.451521115,3.733345778,2.319109462,0.0,1.482923212,0.206186281,4.689925468,6.486502129,6.030549707,2.772266632,0.422672489,0.092649428,2.924403912,0.0,0.169418038,0.931474524,7.691465093,1.903115863,3.203938424,7.003243305,0.0,1.072041166,0.051257442,6.48764888,30.48633262,8.988638193,20.33085525,1.700223659,4.256137238,0.514529748,5.586804265,0.529473607,0.0,0.0,0.728607666,0.238601068,1.186792976,807.6361017119993
1998,0.052690856,0.572153695,2.472447856,0.0,7.63953851,1.091825308,4.370450293,3.678793802,1.116225447,0.0,17.5629309,8.107272237,3.347655756,8.121128699,25.24046883,0.156908688,4.715334863,5.685088398,11.70341139,1.954414371,0.187009053,0.0,0.354372424,1.070798558,2.881367461,2.335281728,1.711514957,0.0,14.16328513,6.113759034,0.069287926,0.035566684,0.387866564,0.16206184,0.342303589,16.07651198,0.0,0.066177814,0.060488648,3.472487431,2.605836859,1.679686277,0.174627752,0.050836157,1.314518552,1.319700633,0.320089148,4.088580768,2.455903799,0.0,7.274047826,11.55194202,11.25707668,0.573137487,1.56733112,2.023269548,2.005992729,1.676428486,0.977963229,3.527330545,0.276463569,11.71585305,0.632703419,0.051673614,0.0,0.912331219,11.11284025,6.332173623,0.0,5.46125373,0.193841651,1.175886457,10.54575967,0.332295428,0.0,8.127412607,0.0,2.156376503,0.0,0.75048331,0.173010997,0.147266219,2.321638466,0.160250921,0.752362587,0.0,5.586091557,7.84536959,0.820287851,1.276949883,4.548720471,4.150250087,10.34827522,0.0,8.625020935,7.492433586,3.725745283,8.942325949,2.957134694,9.012954131,0.236690397,0.367836386,2.704027386,7.919587271,23.0077641,1.266512896,0.165221754,3.373417388,4.402311728,0.195241709,0.194639702,8.062694279,7.119420541,4.144442995,17.8243466,0.0,0.110069755,0.071074249,4.779185487,1.154798935,0.0,6.151258672,1.985860672,0.496751685,1.542543611,3.801311841,1.201412121,2.947852992,0.0,3.629545263,2.896346982,1.089630485,0.073748304,0.173422241,1.166527588,9.463423867,0.100616384,10.61487117,0.0,7.124508519,0.716810551,0.063532883,0.762553136,4.901562772,0.0,8.550221778,8.668393536,0.668850768,10.86425118,1.964071231,0.474760054,0.835969803,1.051131282,0.993946741,8.235419879,5.472335376,0.0,48.0450209,4.422556478,10.07626532,0.073246395,0.867859684,0.0,0.362699938,11.82310273,0.385118301,7.42757585,3.678055957,0.057058293,9.434171256,0.0,7.680155295,7.821847581,0.563089004,0.063144622,6.7874237,0.068881057,6.369906713,0.46378604,4.164256796,2.548636479,0.0,1.762408749,0.183352105,4.632066075,6.593624611,6.223627817,2.860972995,0.459568354,0.084262093,2.545907896,0.0,0.259042136,0.927490828,7.862414094,1.962173584,3.15817802,7.214266665,0.0,1.071581655,0.056525595,6.167974554,29.66358052,8.993429855,20.26630029,1.75627679,4.833894641,0.449471029,5.552080555,0.582085202,0.0,0.0,0.757432719,0.219936727,1.197744563,809.4508728930001
1999,0.040156965,0.955359308,2.531070515,0.0,7.923191648,1.109859657,4.419208828,3.688518274,1.006791798,0.0,17.6323576,7.888819322,3.272055369,7.889465863,24.27184466,0.160636276,4.806714611,5.480346649,11.29525399,1.715631917,0.201077354,0.0,0.346089021,0.995510996,2.81031471,2.397128414,1.746531545,0.0,13.58004255,5.397884497,0.078881856,0.036699403,0.451890329,0.16068698,0.316954107,16.25852275,0.0,0.067453265,0.06084287,3.58970615,2.517419885,1.420532198,0.189088461,0.045514319,1.303303809,1.294580674,0.426007728,4.104066904,2.526010465,0.0,7.418613918,10.88599028,10.6599291,0.557164348,1.575299307,2.132252896,1.73684381,1.726119823,0.959821956,5.552069994,0.290514219,10.9980694,0.684032371,0.049422619,0.0,0.930172566,10.93994472,6.197031415,0.0,5.028947724,0.203583381,1.08727237,10.15331952,0.349769877,0.0,8.121394969,0.0,2.147829228,0.0,0.724953006,0.177535105,0.161409119,2.321002673,0.165883927,0.742519313,0.0,5.65663788,7.642917143,0.868284688,1.339691637,4.990056076,3.188746842,10.6450807,0.0,8.649795918,7.607835904,3.790818243,9.202485963,2.907534828,8.215898128,0.240845592,0.361580831,2.928979076,8.620949108,23.43667537,0.989587637,0.168088447,3.158358858,4.546713479,0.193094925,0.148164172,8.19193464,7.01968564,3.475928697,18.39828097,0.0,0.109275143,0.072782048,5.050462037,1.572085609,0.0,6.218103195,1.98341862,0.507498485,1.871915063,3.643438938,1.206283811,2.508759325,0.0,3.623389675,1.996696375,1.131591273,0.07132843,0.188605397,1.122537434,8.613264427,0.132709649,10.21054272,0.0,7.460040155,0.709270872,0.059469775,0.729665939,4.506375853,0.0,8.89752893,9.747669296,0.712499673,10.65359825,1.686189102,0.454850331,0.818580669,1.114720115,0.937820251,7.992184018,6.088378078,0.0,50.83385044,3.78203314,10.35031973,0.070655004,0.864025437,0.0,0.357234717,11.86063692,0.413848586,5.306083854,3.855241885,0.044819193,9.548533706,0.0,7.535183339,7.518740119,0.572720572,0.058454954,6.279185804,0.070779948,6.890852536,0.509020568,4.12635826,2.516323844,0.0,1.763128346,0.199425295,4.619880528,6.464305092,6.23321054,2.739479325,0.415055467,0.077106098,2.629113359,0.0,0.357706536,1.128494486,7.832730846,2.045022321,3.092921327,8.439067981,0.0,1.070205479,0.056203258,6.154728832,28.88710798,8.908112348,20.10113245,2.049573686,4.791529987,0.496527069,5.284788205,0.587201728,0.0,0.0,0.830912449,0.173560366,1.338101327,806.2081530639998
2000,0.036573704,1.026213109,2.578744484,0.0,7.952286282,0.988077383,4.341705369,3.587392038,1.159761363,0.0,17.7230721,7.929785513,3.440349875,7.48209163,23.8937121,0.169593942,4.567034116,5.304816521,11.43958054,1.819578666,0.206817822,0.0,0.355321532,0.975259762,3.721499604,2.452333155,1.794549984,0.0,14.16711189,5.3144536,0.080978977,0.040759564,0.513805006,0.161247317,0.335826918,16.75762643,0.0,0.065926441,0.034707038,3.286328366,2.650412428,1.472118383,0.184380059,0.034602936,1.390922869,1.249252657,0.394417144,4.037327826,2.547988693,0.0,7.55866713,12.01065269,9.850895645,0.515624107,1.866475233,2.20390761,1.738804994,1.665079192,0.956193433,3.662278531,0.279181805,10.68014331,0.68627217,0.053756289,0.0,0.998753408,10.64485611,6.125507901,0.0,4.949693046,0.182134433,1.169940333,10.09931602,0.297735601,0.0,8.741595261,0.0,2.042066571,0.0,0.81278639,0.180809115,0.12486421,2.22306145,0.173680812,0.758991925,0.0,5.350127818,7.930157714,0.887641212,1.326863641,5.187936248,3.729318782,11.17688705,0.0,9.063444109,7.662168039,3.78950826,9.323415561,3.176186604,8.072629613,0.260288294,0.355429181,3.132267246,9.714493739,24.37017236,0.95337253,0.169055324,2.927076514,4.077783393,0.191853129,0.150959453,8.346564592,6.629701061,3.003255289,19.61952785,0.0,0.104650238,0.063684264,5.361673228,1.646408682,0.128808907,5.46032039,1.970288056,0.482849894,2.047396815,3.83397972,1.210371957,2.294971959,0.0,3.754040286,2.512604347,1.141917571,0.080736566,0.202056101,1.081031081,8.708272859,0.13449675,10.178636,0.0,7.634082484,0.743690956,0.059126893,0.795035466,4.323043897,0.0,7.635326646,11.07156038,0.691074356,10.99246231,1.742382768,0.483960059,0.661256139,1.082012872,0.92445667,7.73080499,5.99228486,0.0,48.37400227,3.966498018,10.66769032,0.068064184,0.859825513,0.0,0.351459259,12.08197508,0.414381656,5.852577835,3.574465987,0.071980578,10.45709574,0.0,7.064757493,7.310481793,0.581585548,0.055228381,6.330319712,0.074200777,7.230107062,0.582076331,4.310051494,2.488244639,0.0,1.484409066,0.208615803,3.142624176,6.005336499,6.084142395,2.705527631,0.353906622,0.088061865,2.612916672,0.0,0.257899125,1.020803985,8.049502864,2.13218584,3.421874278,8.527216235,0.0,1.064735945,0.054967918,6.04719734,27.03515911,9.014558285,20.46980666,1.644710088,5.02263655,0.486581173,5.436407038,0.640842656,0.0,0.0,0.863343024,0.173772089,1.153054813,806.4297772990002
2001,0.03378536,1.055495882,2.50067461,0.0,7.721549062,0.941828905,4.532974149,3.360371185,1.180062452,0.0,17.80456395,8.444109161,3.254758852,7.335981336,23.49652355,0.198172464,4.807445302,5.225335545,11.50432068,2.077877272,0.245876343,0.0,0.381019907,0.938201757,3.663945867,2.310897524,1.802410371,0.0,13.85143381,5.767159578,0.08120832,0.030648776,0.550836468,0.173311469,0.323939303,16.33156895,0.0,0.0671679,0.039179313,3.121271618,2.774761175,1.464131171,0.197879096,0.032418904,1.317617226,1.343554927,0.385094025,4.465488057,2.460438619,0.0,7.279172403,12.01181802,10.12356724,0.518404025,2.152976131,2.207336335,1.877711066,1.806061187,0.990382826,5.382625518,0.29477147,11.07977365,0.601810562,0.064554538,0.0,1.277762147,11.77523242,6.1399245,0.0,4.952273753,0.227929445,0.876849261,10.29363415,0.314320105,0.0,8.894202354,0.0,2.227775518,0.0,0.826344294,0.186525449,0.122238928,2.200733757,0.185856117,0.859015935,0.0,5.524375965,7.579798434,0.887013876,1.408681788,5.32843848,4.029629987,11.5926495,0.0,8.999844696,7.662604587,3.768638497,9.204791229,3.114621124,7.903981166,0.231669148,0.349471134,3.215754891,9.954155954,25.28915647,0.802814908,0.184857098,3.149107682,4.23202311,0.196488939,0.152339529,8.166078752,6.260620696,3.212499186,20.65568201,0.0,0.102700134,0.05948215,5.460347212,1.676510344,0.142836826,6.335426484,2.139619926,0.518057064,2.148313908,3.777038684,1.399645423,2.406374218,0.0,3.707233528,2.749473566,1.245265322,0.077379485,0.176812683,1.348930479,7.828554653,0.142111305,10.41493988,0.0,8.14843448,0.763793914,0.057014658,0.813037008,4.383546564,0.0,7.692050359,12.21372582,0.683936764,11.34605467,2.013178877,0.567399438,0.665015855,0.990324781,0.884617322,7.676987465,5.923154167,0.0,46.58438114,4.302825279,10.73577044,0.068034236,0.912231889,0.0,0.345399282,11.98388163,0.444395643,5.997254857,3.940789636,0.092552296,10.15705126,0.0,7.172514212,7.720650984,0.589693572,0.055514923,7.03381727,0.082198694,7.216328687,0.573718096,4.708309044,2.655135791,0.0,1.853688376,0.223445097,3.189431232,5.901555313,6.244939386,2.667811008,0.340270095,0.091025817,2.725247206,0.0,0.233083151,0.913872586,9.137899714,2.202387911,3.080901847,8.571265184,0.0,1.05507491,0.053302775,6.176226409,29.43026994,9.222987414,20.17153061,1.488510951,5.035159998,0.475664477,5.509916612,0.702480107,0.0,0.0,0.89684502,0.172088112,1.165725392,821.3910430580005
2002,0.045573659,1.232378783,2.586712195,0.0,7.566239884,0.895577672,4.980969957,3.117424829,1.028353516,0.0,17.9819247,8.583317475,3.203641763,7.800895463,23.42410876,0.207053129,5.010551434,5.254649833,10.72798848,1.981805428,0.298818443,0.0,0.389594569,0.949350243,3.872969895,2.36413982,1.769880772,0.0,13.32268255,5.56323884,0.078092606,0.03132403,0.632118389,0.174873333,0.3136156,16.72030149,0.0,0.065752635,0.044349704,3.131771583,2.975679521,1.388856179,0.19315867,0.033084915,0.833742146,1.346038764,0.396946561,4.713895971,2.358999348,0.0,7.339032677,11.6241027,10.01500952,0.535513237,1.71821302,2.393130244,1.838936694,1.810728443,0.996286745,7.032327616,0.274076516,10.83843826,0.60840741,0.065153465,0.0,1.079414216,12.1985969,6.003048171,0.0,4.62621577,0.213635204,0.743996199,10.10298472,0.366979247,0.0,8.860741473,0.0,2.315797548,0.0,0.861904487,0.189842229,0.119573939,2.175112689,0.209043763,0.878880862,0.0,5.473190665,7.790681127,0.901339542,1.40616085,5.49708091,3.656356845,11.17258201,0.0,9.296803932,7.77212967,3.806386039,9.467613289,3.172535294,8.820274326,0.219840481,0.458148155,3.050628348,9.717757697,26.01321211,0.995852243,0.202066285,3.181579866,4.026584099,0.201987158,0.148773753,8.24248791,6.49254829,3.258722606,22.0093006,0.0,0.06680536,0.058051867,5.633584028,2.107517395,0.12051418,5.859044353,2.291475659,0.557935865,2.16665648,3.79604559,1.308081144,2.466926631,0.0,3.92917514,2.902457711,1.272120189,0.083670206,0.173996307,1.150406836,7.919223739,0.1128384,10.36786976,0.0,7.987843717,0.777878504,0.057424174,0.717284684,4.143242276,0.0,7.573555473,12.83588708,0.684254166,11.20048869,1.717899288,0.591937078,0.683302363,1.023210818,0.879613728,7.515492328,6.295808218,0.0,50.71215469,4.313753256,10.77267705,0.066452587,0.963664202,0.0,0.40691759,12.48548405,0.445365248,6.480338727,4.180452134,0.100689319,9.887570712,0.0,7.08027204,7.781282035,0.597105395,0.059991569,7.1790564,0.100176058,7.548593756,0.597508967,5.092100695,2.6977515,0.0,2.127758029,0.268596325,2.322552827,6.052689599,5.980985175,2.591218285,0.331421531,0.101033569,2.875645602,0.1842421,0.257839084,1.00986641,9.927889936,2.199313652,3.194548471,8.982611315,0.0,1.042426746,0.0592039,6.305486056,28.50146173,8.940301425,19.445549,1.361977618,5.139710761,0.412526354,5.607478795,0.815606604,0.0,0.0,0.872385373,0.174995603,1.04481292,830.7912038010003
2003,0.051518377,1.338984981,2.733373662,0.0,7.24241557,0.924869437,5.169522468,3.351723713,1.159732241,0.0,17.72168373,9.168343908,3.469717358,7.600847317,23.03816133,0.212401957,5.030419439,5.379335611,11.13131453,1.892898995,0.324444105,0.0,0.414118231,1.019557988,3.952496648,2.260164586,1.709539024,0.0,15.62433655,6.164371004,0.082183395,0.023157659,0.689003728,0.185125113,0.310103009,17.20830161,0.0,0.059260253,0.048005565,3.167262617,3.427437253,1.352573854,0.24004952,0.038891149,0.948071795,1.392873768,0.301711176,5.021612128,2.282445178,0.0,7.880736103,12.04336087,10.98769807,0.539730051,1.997089963,2.116308325,1.844472234,1.826542965,1.086072535,7.29608142,0.265285439,12.35846893,0.615958603,0.069557428,0.0,1.28664166,13.75595751,6.052063904,0.0,4.878987517,0.206907262,0.799648581,10.13870882,0.344091272,0.0,9.17087841,0.0,2.403776814,0.0,0.848950174,0.194216978,0.148056138,2.174082262,0.203368312,0.947043924,0.0,5.74457771,7.702377441,0.910255466,1.515549968,5.721566758,3.169490116,11.0320952,0.0,9.406998865,8.064459636,3.908559691,9.51275428,3.18547751,9.802120407,0.188299589,0.450247626,3.089739908,9.723895501,26.88716685,1.108401275,0.20621736,3.317373005,3.967297222,0.20313572,0.155993308,8.703781959,6.7306568,3.288228155,22.67342686,0.0,0.089703541,0.062499047,5.850077034,1.751018304,0.11683518,6.548213153,2.057420731,0.517998712,2.266415026,3.925940997,1.496697877,2.677168603,0.0,3.771116497,3.08688854,1.250718366,0.09828723,0.217865792,1.208016751,7.007007037,0.120410447,10.49965052,0.0,8.293603875,0.861659269,0.060088632,0.765727934,4.509631983,0.0,8.14264597,13.28492122,0.690167072,11.10438112,1.723248273,0.655592497,0.699451793,0.992246987,0.88655329,7.793047036,5.78650313,0.0,50.95403383,4.548925394,11.13042089,0.064273662,0.957849019,0.0,0.465410061,12.68355031,0.425936778,6.971374525,4.107222715,0.105747392,9.273782135,0.0,7.133321044,7.721473688,0.60400525,0.059090743,7.557705904,0.108136711,7.553396348,0.645546016,5.027432385,2.803214278,0.0,2.123299091,0.269173818,2.520812109,6.161932315,6.109823415,2.548346582,0.333254361,0.10347358,2.973360002,0.179493408,0.343299082,1.204928129,12.03679739,2.161829096,3.316114188,9.955426851,0.0,1.028383358,0.060429831,6.906706612,27.96926982,9.104141448,19.50649945,1.350919896,4.768134876,0.45235225,5.313556754,0.861465129,0.0,0.0,0.984988137,0.184778179,0.849592242,853.169098133
2004,0.041655394,1.404058688,2.737354064,0.0,7.344262326,0.930262948,4.978406237,3.672973996,1.25303469,0.0,18.17472687,9.2756141,3.408174257,7.055658167,21.60641891,0.222868797,4.940370507,5.759420354,10.94122423,1.591227985,0.341935364,0.0,0.453969796,1.046416775,4.136343582,2.248612758,1.785371856,0.0,14.18897462,6.125548534,0.081347129,0.02103289,0.722703201,0.182145538,0.296651275,16.79426996,0.0,0.058082525,0.046226095,3.432413196,3.954107458,1.333540814,0.25115953,0.036556273,1.002715302,1.405865264,0.304387853,4.901733118,2.25414834,0.0,7.699844825,12.10540157,9.941672844,0.518403997,2.273146979,1.925467548,1.925511132,1.948172596,1.108934347,8.647755711,0.250017559,12.49128506,0.613863369,0.071794656,0.0,1.797364878,12.94525129,6.024888047,0.0,4.498488798,0.213828841,0.858087124,9.950402591,0.31402298,0.0,9.113529104,0.0,2.20420528,0.0,0.847650879,0.198303128,0.152265871,2.239395333,0.184589899,1.038040468,0.0,5.575263133,7.94319225,0.961090201,1.528266442,6.057320614,3.348428329,10.97963685,0.0,9.275958268,8.18925745,3.878874772,9.469634517,3.329605285,10.52622175,0.208781937,0.552498406,3.13153895,10.10575182,28.13454038,1.089192302,0.2136979,3.367030096,3.9130059,0.214361955,0.178591134,8.486622726,6.677505637,3.526720564,25.45323535,0.0,0.092681049,0.062592276,6.282887624,2.409522433,0.119653221,6.479459874,2.386371893,0.557966222,2.268626679,3.962113262,1.500600207,2.687255676,0.0,3.829523873,3.325980246,1.36110692,0.095929046,0.209000441,1.247551478,7.066424419,0.110545761,10.57132609,0.0,8.034250802,0.844372659,0.060186287,0.729601662,4.349229415,0.0,8.13169251,12.78253668,0.757349952,11.58048458,1.71593431,0.779006515,0.69277746,1.130891406,0.887020622,7.905511788,5.92625189,0.0,49.20805129,4.444859154,11.11272164,0.064512294,1.063847644,0.0,0.455326015,12.96390807,0.498608417,7.550423832,4.607456747,0.097534129,9.508805829,0.0,6.967246738,7.861745352,0.676045531,0.057254256,8.035040258,0.131700176,7.817921309,0.663841663,5.181011477,2.780850372,0.0,2.303722816,0.292246796,2.815589017,5.958727462,6.127509688,2.600429127,0.390250273,0.1359024,3.233926034,0.20578482,0.325544047,1.297223893,12.47950794,2.243002992,3.351692121,10.49667069,0.0,1.013068562,0.060772595,6.472697367,27.03893822,9.053158584,19.5976305,1.643842557,4.826720808,0.342930489,5.37031892,1.02392387,0.0,0.0,1.004600958,0.182673836,0.812818036,860.5461380269998
2005,0.060418781,1.338209399,2.841351373,0.0,7.353780012,0.813539291,5.033021488,3.753639235,1.496010763,0.0,18.14629201,9.26611356,3.579663711,6.495345193,23.26923202,0.235263641,5.138969156,5.875465459,10.55578237,1.656107509,0.363307326,0.0,0.493260813,1.088569382,4.310376759,2.378997792,1.782061764,0.0,13.66703853,6.265854174,0.078975196,0.020366995,0.950254188,0.200401487,0.283081514,17.02748527,0.0,0.05447729,0.047540614,3.458629046,4.46770003,1.351537304,0.245248324,0.040338851,1.189695728,1.463071784,0.320357185,4.976630894,2.337148577,0.0,7.687389951,11.750804,9.262963492,0.548995985,2.266931091,2.054464358,2.041105738,2.147938562,1.13018176,11.10033354,0.212265186,12.71797866,0.640419209,0.066145963,0.0,1.570095596,10.57167065,6.025069386,0.0,4.357987805,0.213765883,1.086491596,9.729424378,0.322718935,0.0,9.278882623,0.0,2.388732825,0.0,0.890464915,0.200887312,0.156141834,1.983499455,0.184877283,0.934443841,0.0,5.543733303,7.717349417,0.99029291,1.512001407,6.461795522,3.162065041,11.21417451,0.0,8.803624525,8.173783064,3.854014752,9.49198928,3.44627904,11.17116807,0.227167866,0.758240452,3.245877438,9.982450603,30.79469952,1.026614534,0.219066618,3.443810739,3.67756536,0.215418454,0.208196483,9.13838937,6.624805697,3.861517472,25.60420297,0.0,0.093255492,0.06019349,6.51677658,2.252787914,0.129153365,6.512577233,2.533615661,0.499305929,2.409925014,4.077064206,1.507513981,2.832301219,0.0,4.377720656,3.255944948,1.430937324,0.083439354,0.218999293,1.305256713,7.108042272,0.123909964,10.28991121,0.0,8.280316298,0.797986014,0.055781969,0.710906213,4.531495635,0.0,7.862364379,12.34841248,0.758995364,13.14193239,2.137995571,0.759056846,0.635291843,1.122868144,0.888142335,7.895886085,6.233261377,0.0,44.53380584,4.442373285,11.23183738,0.062215648,1.168471269,0.0,0.508026812,13.23848219,0.511265752,6.81246772,4.586159396,0.07970768,8.650271986,0.0,7.169436843,7.958113965,0.723530496,0.055519094,7.887328758,0.120754825,8.029202013,0.715272864,4.695637301,2.692646612,0.0,2.301665485,0.339262193,3.383647687,5.560617833,6.165024808,3.116357851,0.363806796,0.147202921,3.328992526,0.211027698,0.311851627,1.288302169,13.56732808,2.272732152,3.460795614,10.64010576,0.0,1.000300068,0.072964779,6.27128609,25.38238104,8.955450044,19.46926248,1.631646008,4.554973915,0.334476927,5.575723505,1.101837882,0.0,0.0,1.049861435,0.193147169,0.870271087,864.4381341359999
2006,0.066583291,1.339995739,2.966914681,0.0,6.790542773,0.821840076,5.319470442,3.94249129,1.51776299,0.0,18.14145349,8.961569195,3.593590676,6.34379729,23.46563028,0.254752395,5.297774677,6.15517613,10.30057207,1.750544009,0.422300744,0.0,0.486763075,1.195259486,4.756438946,2.22777692,1.783625001,0.0,20.30994264,6.439923574,0.089665522,0.023659773,1.065709517,0.219621964,0.279306978,16.5953499,0.0,0.055851339,0.048770588,3.494449666,4.910276132,1.335388783,0.271380387,0.040298316,1.276319812,1.509635072,0.303920338,5.012573327,2.37806834,0.0,7.651782674,11.77860313,10.69102319,0.54118412,2.403914163,2.209643748,2.143053343,2.22117664,1.190907939,11.94400452,0.17819148,11.86507343,0.627355577,0.068799271,0.0,1.66693039,12.72627915,5.840018106,0.0,3.803812803,0.226209665,1.211231833,9.886441614,0.380266256,0.0,9.137630592,0.0,2.477653381,0.0,0.871846874,0.204138179,0.159700111,1.782041634,0.184059902,1.043973254,0.0,5.506698601,7.669973612,1.042663453,1.589363176,6.862471364,3.022428749,11.05861518,0.0,9.120036553,8.025766415,4.378426925,9.303737228,3.366409389,12.1047148,0.247018262,0.74198917,3.28166461,10.07157738,30.51404573,1.019469602,0.280530097,3.696429298,3.409835694,0.216087681,0.207256313,8.989490546,6.576125923,3.981762324,24.79704354,0.0,0.086863187,0.060121661,6.64454285,2.656577793,0.143145185,6.538237823,2.510535293,0.555929037,2.674238776,4.167900165,1.328600989,2.770741944,0.0,4.853735335,3.544571467,1.460816566,0.088234843,0.20222694,1.283405301,5.08802287,0.100511426,10.01462043,0.0,8.189552277,0.82520869,0.053026134,0.622779937,4.519102898,0.0,7.981673212,15.1854899,0.80769342,12.79099514,2.208349617,0.719133232,0.667995676,1.097428645,0.790431773,8.234912499,5.74494832,0.0,42.79830768,4.683454099,11.56836194,0.060818225,1.105742135,0.0,0.494816783,13.69237149,0.4893575,7.152331486,4.609928909,0.101213876,8.445106954,0.0,7.048132949,8.117126246,0.706734354,0.053883794,7.832423319,0.126463707,7.698212561,0.629570172,4.859189237,2.902441614,0.0,2.301983389,0.407430716,3.027952098,5.385163218,6.077017721,3.159094769,0.388582894,0.152976088,3.341004691,0.196765764,0.27243319,1.474723302,15.40053638,2.34285906,3.797151008,10.79392259,0.0,0.988337594,0.083999867,6.497208272,22.93510429,8.908600278,18.94591375,1.903528662,4.808169683,0.326524521,5.494560701,1.121162316,0.0,0.0,1.059569463,0.179077245,0.808687685,876.7296477039997
2007,0.065312346,1.39393137,3.007289846,0.0,6.53104692,0.811753508,5.474300638,4.102629636,1.773161431,0.0,18.52109701,8.587801761,3.219791775,6.28358498,22.20240095,0.266296791,5.310350587,6.029733806,9.843115874,1.772391396,0.473104595,0.0,0.481294913,1.26380481,5.02020957,2.303437439,1.854305856,0.0,19.04167531,6.971191811,0.098933279,0.02289428,0.968284491,0.267544785,0.327277496,17.38057011,0.0,0.057170025,0.046219132,3.906183578,5.306366015,1.353071942,0.17143997,0.042255675,1.070657483,1.725458621,0.29523374,5.308317229,2.460200201,0.0,7.812294746,12.00330783,9.779475634,0.583520389,2.542480715,2.209049927,2.14317376,2.34430544,1.24962947,10.39326453,0.17019629,14.90288476,0.633001864,0.073877268,0.0,1.50684357,12.30921631,5.667781492,0.0,3.354690664,0.250023476,1.458489553,9.527586652,0.397144284,0.0,9.441123453,0.0,2.662027145,0.0,0.920826905,0.208023423,0.162942027,2.156797884,0.215895462,1.093677158,0.0,5.355128938,7.638831305,1.129757683,1.635120972,7.207252776,2.746205329,10.5388979,0.0,9.275636617,7.860767964,4.342126485,9.570784184,3.371546348,12.81242182,0.242081741,0.621561971,2.713291792,10.34618659,28.19459481,1.228076796,0.291003292,3.876699912,3.154794472,0.221447602,0.184868989,8.266404753,5.679075531,4.088145504,23.14617017,0.0,0.08850687,0.062210458,7.108435391,2.595682231,0.151632184,6.687581821,2.497948125,0.621387214,2.742753963,4.187211587,1.34045691,2.832852436,0.0,5.019625678,3.409782674,1.487308731,0.102891487,0.20938514,1.305745823,4.062563387,0.101961197,10.04474769,0.0,7.876793517,0.840777159,0.055837755,0.554325672,4.746620875,0.0,8.016303569,15.90418587,0.871590759,12.52674955,2.165811399,0.74171961,0.620162281,1.193306099,0.818965455,8.220760788,5.577179172,0.0,40.89652419,4.632001472,11.61127902,0.062542059,1.098629476,0.0,0.481066996,14.08083313,0.530500422,6.971408026,4.704056142,0.083477457,8.34459514,0.0,6.919556134,8.066906107,0.690870158,0.055956063,8.083507514,0.140707119,7.842252141,0.684909284,5.233519647,2.863210072,0.0,2.488112451,0.431388535,2.758318417,5.152987026,5.766034471,3.199475612,0.462997899,0.145275175,3.39351756,0.192977922,0.253362971,1.267340585,15.66739272,2.401809887,4.152950584,12.00786333,0.0,0.97856931,0.097333218,6.711338281,21.37028576,8.650989769,19.04291352,1.755832412,4.562304668,0.501221154,5.225781139,1.230865213,0.0,0.0,1.093385887,0.158362527,0.796349864,870.712933471
2008,0.128416559,1.384311249,3.102451083,0.0,6.439303857,0.888658009,5.621003692,4.172388531,1.956930356,0.0,18.30374802,8.49967402,3.474678865,6.401303677,22.21335064,0.288141386,6.358369012,6.352864617,9.984152183,1.62960935,0.46223287,0.0,0.446687163,1.348563251,5.529716828,2.291667032,1.945681928,0.0,20.847719,6.678624427,0.115727153,0.022150837,0.998240579,0.292426404,0.331901941,16.55692294,0.0,0.039781269,0.048285038,4.069245883,5.435075622,1.350808645,0.167369873,0.042210719,1.086878789,1.684918829,0.330008281,5.042108344,2.380533907,0.0,7.849714277,11.39282817,9.125129139,0.575725689,2.541332041,2.175917533,2.1801436,2.38509982,1.126918203,11.36100912,0.146925243,13.76122746,0.600029711,0.078271761,0.0,1.147445607,10.6636072,5.561011371,0.0,3.470443269,0.254545114,1.25764955,9.617453045,0.367512374,0.0,9.064040878,0.0,2.749935914,0.0,0.818091212,0.206391015,0.152045425,2.142431558,0.210437489,1.076312315,0.0,5.280833386,6.868002252,1.18632121,1.597402667,7.25243453,3.105080315,10.19702642,0.0,9.127353202,7.564248487,3.458106721,9.044142107,3.051945799,15.34074602,0.24904513,0.607533401,2.995868919,10.49685145,28.55410798,1.411999216,0.339031816,3.724758973,3.914165316,0.23148964,0.149673095,8.792257212,6.202599419,4.083507545,22.55192972,0.0,0.089015683,0.069930583,7.450065403,2.533134579,0.147375805,6.644209959,2.314567447,0.576414856,2.789117802,4.146991471,1.158871619,2.841737072,0.0,4.928000758,4.360024664,1.542007758,0.100553963,0.158222646,1.443685051,4.048582905,0.112125361,10.04646055,0.0,8.021502927,0.794009849,0.056390068,0.578493505,4.631398117,0.0,7.73245798,15.01659837,0.828201836,11.22514397,2.076102578,0.68231992,0.710374922,1.340577361,0.826714801,8.087182909,5.38350514,0.0,36.91870848,4.646050196,11.59564597,0.05879554,0.927593178,0.0,0.525940578,15.05376806,0.536456559,6.779387321,4.830028829,0.084778933,7.939006886,0.0,6.896893753,8.588464451,0.635720317,0.054399384,8.572609815,0.141926252,7.056387715,0.641013344,5.189090456,2.882166504,0.0,2.306251787,0.452196556,2.823318362,5.005620235,5.878910791,3.15911159,0.421641055,0.145267073,3.420662101,0.198971406,0.258078651,1.257447915,15.23071679,2.424521757,4.078325237,12.01029603,0.0,0.969461927,0.097595491,6.511279813,22.01146924,8.337891639,18.27849449,2.320205759,4.720395157,0.445037835,5.467902249,1.363466232,0.0,0.0,1.106332654,0.170447505,0.613915535,865.7150652799999
2009,0.171862421,1.441493562,3.174573294,0.0,6.156687476,0.939403983,16.02434762,3.867569967,1.561583601,0.0,18.22309955,7.721143982,2.850039951,17.64874164,20.8594387,0.306664813,16.43502256,6.03919199,9.231701273,4.640002664,0.494146663,0.0,0.471747475,1.416317393,5.511323147,2.144873704,1.805179788,0.0,20.50002315,5.764030949,0.114258558,0.021434541,1.047944468,0.337032292,0.355231325,15.50214503,0.0,0.039191973,0.068338263,3.875949531,5.798318754,1.385696614,0.20794622,0.040032941,1.167559259,1.592659919,0.300610999,4.717571565,2.40319712,0.0,7.540372167,10.64445418,8.678105357,0.567756274,7.05736224,2.052891491,2.335118311,2.436192983,1.084824479,10.76987412,0.150644888,11.27750545,0.66196231,0.076612691,0.0,1.136315747,10.14821304,5.312096451,0.0,3.314371184,0.281564377,1.473356725,8.97178632,0.414133624,0.0,8.529742762,0.0,7.656895482,0.0,0.846417112,0.21275591,0.154994881,2.179966238,0.203101721,0.990089255,0.0,4.773188743,6.624824238,1.285083612,1.638919951,7.436286869,3.251285214,8.943031474,0.0,8.780859698,6.71897022,2.818474209,8.598248928,2.997131378,13.27361979,0.286295484,0.594483183,2.266220325,10.68065582,27.5253006,1.255735372,0.413100752,3.436572194,4.550151946,0.266313577,0.143841627,9.19467249,5.878565446,3.695956383,20.97299341,0.0,0.082162021,0.069365009,6.559572504,2.575051504,0.172136787,6.085187757,2.488667685,0.692519115,2.741639064,3.986790881,1.262491335,2.667275485,0.0,5.101365454,2.830368724,1.526820983,0.108758711,0.149053636,1.451198166,4.022121579,0.144326283,9.708786357,0.0,7.244456858,0.764071157,0.068168346,0.498623213,4.325413431,0.0,7.751527071,15.15548722,0.826887879,10.93493729,2.430700533,0.704011101,0.741405323,1.429878097,0.825631075,7.791547049,5.327278898,0.0,32.67180019,3.962688135,10.83213407,0.060310114,0.975329619,0.0,0.51172128,15.26569182,0.540733711,6.402299491,5.154757132,0.082898446,7.785350075,0.0,6.295477884,7.604175103,0.640550355,0.052058039,8.007605605,0.141102992,6.200856827,0.610728505,14.40358831,7.954802812,0.0,8.218444273,0.458208051,2.771867737,4.611489154,5.639327378,2.862414613,0.327234384,0.137670596,3.294009621,0.214095692,0.451139356,1.347488384,14.41418595,2.402692699,4.035674599,10.46136004,0.0,0.960338018,0.106968566,5.463665486,19.83234887,7.490653988,16.80869862,2.28977372,4.196647824,0.564618384,5.443613924,1.51896401,0.0,0.0,1.180025411,0.188420224,0.618665464,885.5486405230001
2010,0.243614036,1.527623663,3.173654529,0.0,6.157197775,0.976184198,5.56628433,4.099689714,1.508351244,0.0,17.59006927,8.365014901,2.684902593,5.860211203,20.92896507,0.342739986,5.4939016,6.50264283,9.794792242,1.736622587,0.525042566,0.0,0.583513988,1.509663496,5.624105757,1.695933627,2.03322568,0.0,18.44923521,6.049544016,0.146745851,0.034579718,1.096126252,0.35913403,0.344620171,15.79214123,0.0,0.038752931,0.103747164,4.087904661,6.335417691,1.405488898,0.246485411,0.04104464,1.268210657,1.553293393,0.309259106,4.530399209,2.504045857,0.0,7.100376945,10.71659406,8.673891232,0.618904659,2.539610976,2.133032567,2.481494711,2.42033575,1.057588947,10.54427516,0.157706966,14.26988866,0.610419749,0.073824767,0.0,1.349125821,11.65875348,5.348198409,0.0,3.546479337,0.245371539,1.404919111,9.453399722,0.451580867,0.0,7.874949777,0.0,2.730002651,0.0,0.802261619,0.245286381,0.157624801,2.348451477,0.247253132,0.983472529,0.0,4.787989094,6.162727567,1.344896147,1.718201745,7.336652683,3.649723858,8.813296615,0.0,9.250222551,6.836836177,2.661482239,9.030061533,2.781778794,14.07314044,0.300732682,0.485767033,2.10274697,11.60791602,26.97965604,1.165586722,0.460861368,4.061872255,4.21153464,0.275609793,0.187595232,9.608454155,5.278364196,4.068083042,21.7574405,0.0,0.088409221,0.061212099,7.097979384,2.624887153,0.18472556,6.248371356,2.483987165,0.686852526,2.927063408,4.056954882,1.068832829,2.900589865,0.0,5.261219125,4.16513287,1.600327236,0.113889571,0.160669313,1.477197645,3.996403148,0.171767827,10.29828126,0.0,7.136782411,0.774374196,0.08321173,0.568190395,4.204371545,0.0,8.469598181,15.47953576,0.783727323,11.6965575,2.522860045,0.686682408,0.80665593,1.550244456,0.871903845,8.247028077,4.817886772,0.0,32.63430234,3.83367893,11.32541814,0.059764899,1.021813006,0.0,0.554409784,16.26936986,0.554497627,6.459632708,4.9014147,0.087286748,8.353799225,0.0,6.571542883,7.70288523,0.644108967,0.052308698,8.304084027,0.137773316,5.866642426,0.645058173,4.896859779,3.044367182,0.0,2.309255496,0.475321853,3.288441712,5.132155515,5.777702857,2.859678544,0.325477725,0.155818269,3.488055559,0.219475321,0.409550549,1.154056965,16.1578858,2.587622613,4.107871448,11.63309332,0.0,0.950479971,0.102688512,5.862560917,19.03976975,7.686282334,17.43173849,1.869452173,4.419796581,0.550343733,5.770054176,1.721200863,0.0,0.0,1.098257856,0.195502192,0.756040796,840.2954434290002
2011,0.29650624,1.66942319,3.294742583,0.0,5.850886105,0.985522312,6.050420408,4.280989353,1.71734338,0.0,17.29541584,8.135474381,2.973918764,7.147167506,20.35750059,0.364566595,6.219366934,6.18814293,8.740505152,2.028852144,0.491500279,0.0,0.851006097,1.626366425,6.484260583,1.925170469,2.117869375,0.0,18.61885184,6.755278124,0.15296686,0.040185722,1.142609706,0.368602225,0.325737695,15.9959443,0.0,0.042999665,0.088989667,4.437266283,6.901344429,1.51326854,0.212290796,0.045239954,1.224162351,1.603682692,0.291031488,4.445615774,2.455353561,0.0,6.783205135,10.4010178,7.73708669,0.562277492,2.538357502,2.130799267,2.433762684,2.434305307,1.091687798,10.12300595,0.177350806,13.68801133,0.615655011,0.083647726,0.0,1.285539092,10.22962444,5.128951791,0.0,3.431022623,0.243487777,1.735685448,9.299036295,0.462822311,0.0,7.61375705,0.0,2.903002289,0.0,0.808455576,0.251428453,0.153551253,2.433416853,0.267318268,1.038833066,0.0,4.704300453,5.924504836,1.405068333,1.939122786,7.396667663,3.679052199,8.008586809,0.0,8.990702786,6.680594198,2.664607715,9.493010565,2.709171986,14.82436446,0.301772158,0.477395338,1.503644026,11.98478721,26.29058751,1.38178651,0.478923877,3.835493313,4.071493797,0.284460517,0.211577212,6.714752633,4.958814489,3.913325743,21.02838372,0.0,0.100717581,0.062156976,7.07620238,2.654450911,0.201100982,6.173907034,2.476824015,0.68359045,2.906410475,4.134993377,1.160003067,2.916254254,0.0,5.677968414,4.09625219,1.706431503,0.138501288,0.17042352,1.544026991,3.972589046,0.192299009,9.511130441,0.0,6.909215537,0.808058902,0.082384979,0.583519875,4.624639348,0.0,7.995012096,16.49286886,0.772880261,11.83231877,2.695280284,0.690560024,0.824126215,1.654916644,0.86460139,8.159838047,4.723629222,0.0,33.4944129,4.172223886,11.88499702,0.066062179,1.066843067,0.0,0.541943743,16.40642066,0.580797008,7.081738796,4.688875887,0.112749227,8.636708162,0.0,6.320409762,7.647930119,0.646326454,0.050903722,7.869815906,0.130204423,5.87043563,0.755938089,5.663201351,3.361095454,0.0,2.492729638,0.450357737,3.643654431,4.717853416,5.205754138,2.699957327,0.332575202,0.179316146,3.459798792,0.224587074,0.382053257,1.06220668,16.65943228,2.452086578,4.32606106,12.649601,0.0,0.941087877,0.111719254,6.199174358,18.50945738,7.043919991,16.60421817,2.258880169,4.384207069,0.535733399,5.540040739,1.755008127,0.0,0.0,0.963978488,0.217496732,0.88488553,838.905345074
2012,0.259295334,1.50324046,3.609307651,0.0,5.944654173,0.950695879,7.74276315,4.264223782,1.983192027,0.0,17.02204223,7.723614487,3.239102868,9.763986436,20.90093256,0.384025166,7.472734688,6.344981391,8.577525877,1.982242705,0.456355652,0.0,0.912224067,1.678603032,6.091586588,1.67193666,2.279272333,0.0,18.29587739,6.16215311,0.177415687,0.04001734,1.04900428,0.383614744,0.320219438,15.73447396,0.0,0.045081487,0.145485857,4.506229076,7.046182675,1.512727212,0.221035685,0.041002162,1.166246226,1.589162765,0.373134534,4.079616457,2.548611094,0.0,6.255253007,10.09153928,6.835287325,0.575946626,3.523409533,2.183081632,2.396908547,2.487785551,1.085297312,9.522968776,0.190763128,12.7693736,0.630046751,0.091451262,0.0,1.19066194,9.126387978,5.154142128,0.0,3.200590683,0.241467286,1.928196034,9.451317705,0.561999712,0.0,7.251237354,0.0,3.81565719,0.0,0.821948809,0.23281943,0.155765084,2.647645978,0.236076333,1.06935877,0.0,4.377864468,5.799523611,1.508508252,1.938042616,7.40165311,4.045153699,8.072558903,0.0,9.615068271,6.327708948,2.448869311,9.822297325,2.98147233,14.56638251,0.273997499,0.564127142,1.551572969,11.9586009,25.47440065,1.794121918,0.50740729,3.721147063,4.238282748,0.307694142,0.229709292,9.168355709,5.189130073,3.992940664,20.13387346,0.0,0.122613506,0.061704298,7.080248362,2.869866616,0.194624453,6.475758827,2.468613355,0.736532985,2.970024269,4.147972825,1.24394767,2.846693444,0.0,6.067905096,3.754425023,1.747192709,0.14801305,0.232622809,1.608363844,3.946329825,0.222311476,9.398409929,0.0,7.284317645,0.783949275,0.106208361,0.570117077,4.390978645,0.0,7.66951117,17.30973775,0.767887129,12.47519131,2.774068569,0.640806964,0.806663826,1.630811042,0.886510244,7.969647665,4.585897919,0.0,34.18822184,4.080658872,11.70209407,0.071092285,1.057703002,0.0,0.636962946,16.89149679,0.555887582,6.360537735,4.86959681,0.128117541,8.22409727,0.0,5.982344127,7.349942268,0.629421677,0.04954588,8.077957969,0.140404329,5.756946794,0.824969419,6.816222682,4.245587419,0.0,3.319961399,0.436539089,4.508108234,4.426761612,5.317086349,2.301008788,0.38349995,0.209763309,3.695384563,0.264783303,0.330685538,1.070705492,16.00221329,2.562000447,4.40556459,13.1000823,0.0,0.930752027,0.109379114,6.077860784,19.20780112,7.343460282,15.78978264,2.521474843,3.799895864,0.480952275,6.169104327,1.731811457,0.0,0.0,0.858490955,0.27860069,0.915734944,848.1162178359999
2013,0.18562366,1.533630039,3.644979345,0.0,5.942800412,1.036293852,5.136050692,4.342115069,1.89812717,0.0,16.44231571,7.753699576,3.285616903,7.653297299,21.93867997,0.396697028,5.065179206,6.352712195,8.655477512,1.330606578,0.467785082,0.0,0.94334976,1.777588045,6.167789961,2.627813846,2.421656961,0.0,17.82826519,5.458963808,0.183332656,0.040879208,0.996599817,0.381996121,0.341980233,15.83846027,0.0,0.02697875,0.165652672,4.723555077,7.324147115,1.653063497,0.256233552,0.055494204,1.152991586,1.640619591,0.393435075,3.997002654,2.558779773,0.0,5.621287658,9.620257259,7.116737849,0.633989062,2.393725648,2.118782053,2.52745943,2.419103472,1.030948242,8.528333301,0.195035548,14.65860673,0.690072071,0.105676114,0.0,1.305449843,9.22784648,5.12979914,0.0,3.186448492,0.224065899,2.108848922,9.62420735,0.587425248,0.0,6.609996229,0.0,2.958251607,0.0,0.864132971,0.200131818,0.151675192,2.607730233,0.254791238,1.064951336,0.0,4.120050589,6.269999047,1.539947839,1.778914016,7.631864943,4.195185035,7.723057986,0.0,8.313170792,5.751905744,2.588580197,9.908431318,2.79375767,15.26278838,0.309754058,0.556137428,1.108325444,11.89000868,24.77326637,1.639974843,0.635958995,3.701592882,3.930312343,0.30071067,0.216555329,9.273220725,5.143475842,3.830693465,18.68006408,0.0,0.127606246,0.061871473,7.589690457,2.719012867,0.19574642,5.563811012,2.459030801,0.678454997,3.034990528,4.003630132,1.321727314,2.51163813,0.0,6.377995554,3.654176435,1.708106064,0.164314407,0.262282625,1.696883716,4.898119195,0.226252797,9.348128895,0.0,7.179036805,0.737324175,0.106461818,0.629519877,3.943737473,0.0,7.776167641,16.73659016,0.763669285,12.49786961,2.672439484,0.672796447,0.814097994,1.670921723,0.965899617,7.841704806,4.452394369,0.0,32.5989398,3.607441144,11.37700677,0.074919961,1.048701723,0.0,0.624752688,16.74461002,0.581174786,6.486480319,4.669312465,0.151515698,8.132743535,0.0,6.081213422,7.063268041,0.682618921,0.049756151,8.138264312,0.14002857,5.208274629,0.703424802,4.570020747,2.873158449,0.0,2.117395826,0.410546299,4.184215025,4.222750051,5.381151799,1.568049344,0.397033077,0.222964152,3.825693042,0.398859616,0.251627635,1.179152556,16.4067872,2.542694244,4.190557931,13.08518099,0.0,0.921743919,0.103377218,5.941351514,20.05564757,7.075818333,16.11118443,2.171452753,3.698682699,0.428620968,6.058551223,1.810416624,0.0,0.0,1.106687715,0.284057568,0.919824123,826.395591611
2014,0.146235617,1.668337371,3.795632251,0.0,5.807127723,1.099779111,5.185713244,4.209095633,1.881607737,0.0,15.83042152,7.260404228,3.38119922,6.799325412,22.66343283,0.413092687,4.458878192,6.29728587,8.041711215,1.358364951,0.50452817,0.0,0.973502632,1.90631555,5.597187383,3.346708888,2.523232137,0.0,17.27764771,5.820924714,0.180825362,0.038601013,0.964736936,0.455006519,0.363726897,15.84990541,0.0,0.029120747,0.165403428,4.311060938,7.294235506,1.686264961,0.223863893,0.069678432,1.095638253,1.63281817,0.406222759,3.831644469,2.3605037,0.0,5.909934629,9.264302843,6.347153074,0.445083888,2.531966172,2.110144291,2.620388632,2.423232509,1.046841993,7.048195802,0.196288983,13.64730803,0.684917746,0.125797367,0.0,1.488838858,8.451871908,4.616052854,0.0,3.163816156,0.25691229,2.277240519,9.088506897,0.554280565,0.0,6.385178661,0.0,2.295684114,0.0,0.911388463,0.200879386,0.159533648,2.698556721,0.286282868,1.056324782,0.0,4.11798843,6.261721492,1.657231271,1.896733638,7.81441898,3.895158431,7.628162753,0.0,7.877600353,5.38747546,2.500750419,9.562839774,2.864728014,12.10241477,0.324410689,0.548511237,1.246318841,11.58874374,23.1838022,1.663953395,0.653637811,3.651352159,4.016900629,0.298515066,0.2798481,9.116574105,4.298879508,3.703492659,17.34616222,0.0,0.127596996,0.052180694,7.923564998,3.149294983,0.199595937,5.430805313,2.623157336,0.737745687,3.132598572,3.840633659,1.303004361,2.698682174,0.0,6.163032906,3.570222461,1.716465376,0.184887949,0.325932191,1.737465854,4.859558824,0.264996837,8.881703067,0.0,7.078489829,0.774899292,0.11174531,0.650945533,3.724356864,0.0,7.613049325,16.48517399,0.789739106,12.48226944,2.758047289,0.741185071,0.853091846,1.76701033,1.013001909,7.516889481,4.415895252,0.0,33.20589511,3.593353578,11.20820257,0.077591916,1.092498145,0.0,0.613098843,17.48316332,0.604596606,5.463794101,5.14453966,0.163884125,8.117411688,0.0,5.617636524,6.357966448,0.579138418,0.048422285,8.212241156,0.144956615,5.184067004,0.847049783,4.529699153,2.860235383,0.0,2.480067703,0.42446012,4.735413094,4.030482516,4.859165525,1.422180088,0.554961272,0.214369082,3.752260164,0.451320002,0.222751569,1.088860947,16.17808289,2.707174624,4.410763561,13.06179464,0.0,0.911327784,0.111347325,5.25113054,20.05169797,6.43320778,16.04092103,1.911517895,3.409552819,0.606317818,5.966120779,1.97211212,0.0,0.0,1.062211282,0.304549552,0.889104126,807.3517652719997
2015,0.172896741,1.60377515,3.933495912,0.0,6.026181822,1.13504405,5.236665308,4.301913876,1.825292244,0.0,15.863288,7.317158873,3.292452869,5.905932758,22.29101801,0.461997426,4.451033309,5.79426692,8.437851999,1.884042732,0.520992816,0.0,1.057859388,1.909890716,5.721181036,3.277194971,2.373628508,0.0,15.42488346,6.207865317,0.204300066,0.039369948,0.952852841,0.543119905,0.363115439,15.64858561,0.0,0.042286394,0.169371768,4.576124117,7.146449357,1.688318124,0.244393419,0.042363694,1.165546016,1.55534308,0.422368807,3.948992432,2.579300156,0.0,5.900152116,9.400668002,5.929462754,0.503283386,2.528977972,2.294373257,2.56106243,2.44779056,1.106698196,5.622232353,0.194446714,11.81383402,0.697439745,0.127832027,0.0,1.588704993,7.814537356,4.677807228,0.0,3.142183759,0.254091824,2.469615623,9.087290909,0.566623028,0.0,6.28506954,0.0,2.463436318,0.0,1.049628082,0.222181476,0.16117826,2.710334223,0.30666988,1.089663658,0.0,4.407180501,6.227045154,1.647151914,1.890795841,7.633623871,3.743646439,7.881824817,0.0,7.892507176,5.563259469,2.452418296,9.276629423,2.731322514,10.87226272,0.359452718,0.540896253,0.996671213,11.91474367,23.20895692,1.724051177,1.317280722,3.701593036,4.134596535,0.315685529,0.281738701,7.997426401,4.270652514,3.810789214,16.02867977,0.0,0.135346585,0.055537956,7.814088295,3.011558239,0.209303734,3.729892769,2.611238875,0.879815244,3.136372847,3.870316544,1.377587623,2.829393394,0.0,5.769680109,3.793242395,1.742749914,0.204126905,0.361422537,1.814332366,5.783689865,0.266148113,9.292250246,0.0,7.003080396,0.846826583,0.105491223,0.594907347,3.579319286,0.0,7.610906295,16.43412074,0.823008136,11.88791358,2.69623958,0.802933312,0.952345908,1.790242082,1.087126793,7.610089275,4.812669696,0.0,33.04351032,3.700112058,11.05201007,0.086198815,1.240245954,0.0,0.601687721,17.81940147,0.637241954,6.397117589,5.459274778,0.126883934,8.207765834,0.0,5.669455793,6.367726166,0.513982824,0.047110993,7.669937662,0.18384314,5.51794436,0.970910854,4.687133713,2.791253329,0.0,2.290740826,0.480940393,4.864648366,3.999311639,4.719648777,1.404090869,0.579605995,0.227066833,3.841982798,0.434675741,0.249892061,1.190712416,15.56557092,2.726308867,4.477175913,13.18890729,0.0,0.90098205,0.123477949,4.231515591,21.07764197,6.159448333,15.56003496,1.946065231,3.168481901,0.516361278,5.422875575,2.380847445,0.0,0.0,0.511361652,0.312354964,0.899769991,799.1687202929998
2016,0.149789334,1.557664358,3.820090337,0.0,6.080600282,1.031811348,5.289885738,4.201845776,1.72675284,0.0,15.91465712,7.288819983,3.304019557,5.397924873,21.25133118,0.470827565,4.513677359,5.822979457,8.314931808,1.764391261,0.619937007,0.0,1.262376046,1.995137361,6.597243083,3.069551079,2.168574696,0.0,16.60349981,5.834881981,0.198430258,0.0419527,1.035508551,0.70213092,0.379494758,15.42060171,0.0,0.046279124,0.151768434,4.749830077,7.115385005,1.716241161,0.276521906,0.030714898,1.104196831,1.64920306,0.402556792,4.043744105,2.396977609,0.0,6.169943308,9.627750042,6.166190299,0.452042086,2.524296453,2.364937465,2.414027127,2.448249515,1.128043665,5.480664895,0.195465331,12.15239497,0.754043535,0.144493245,0.0,1.742308032,8.316193077,4.70474678,0.0,3.197399088,0.246610947,2.588862958,9.073006686,0.564217035,0.0,6.203617147,0.0,2.539383122,0.0,1.105025419,0.240236469,0.173919484,3.215088122,0.309963776,1.021487509,0.0,4.50885432,4.859303764,1.657396308,1.844764783,7.631719002,3.884936915,8.163462657,0.0,7.603557613,5.498165145,2.604738412,9.189697811,2.597786972,11.36053552,0.389590299,0.622061871,1.185411613,12.02472517,23.13702198,1.595525916,2.293360853,3.648821173,4.141917722,0.332523549,0.307404651,7.847927464,3.983534881,3.904845812,15.20582045,0.0,0.127739729,0.065096398,7.689838122,3.701328042,0.259943425,2.964713376,3.118341166,0.782989056,3.197535651,3.837647208,1.542439793,2.904891689,0.0,5.944984219,3.454908775,1.71723308,0.26158888,0.412101397,1.751451675,5.72847037,0.38183016,9.309281866,0.0,6.616321362,0.853430475,0.101497009,0.595987612,3.522333131,0.0,7.404691495,16.10326029,0.889401339,14.10994469,2.667774513,0.926041651,1.059328573,1.838580302,1.176495411,7.895688724,4.722311267,0.0,32.74588827,3.633591827,10.88744577,0.099410144,1.542099372,0.0,0.639697646,17.29871828,0.675625481,6.604969132,6.126091694,0.126895832,8.221450295,0.0,5.80025256,6.731097778,0.581171989,0.046525942,7.563739495,0.1597043,5.314294581,1.034287615,4.648550129,2.832892608,0.0,2.375144934,0.530272531,5.222320459,3.908058712,4.737656377,1.508110224,0.702943087,0.21112464,3.79288134,0.492090082,0.306260273,1.483048812,13.29158773,2.619440246,4.692471511,12.9521708,0.0,0.89031337,0.12484497,4.480868101,21.48066861,5.804004752,15.1498852,1.904128302,3.304142608,0.646723652,5.060760015,2.38913885,0.0,0.0,0.399363829,0.325114844,0.78544084,801.3275817130002
2017,0.131694556,1.788786074,3.825637988,0.0,6.104133912,0.81330073,5.239717055,4.071308362,1.823560155,0.0,15.81831632,7.486161583,3.243341999,5.684363486,20.42732768,0.496851847,4.122573001,5.92135146,8.151095679,1.703146792,0.614754528,0.0,1.301030267,2.032547019,6.767050642,3.32414843,2.196418173,0.0,17.17391347,6.20129024,0.222474208,0.048951647,1.097676412,0.792658643,0.373279083,15.54457104,0.0,0.047867471,0.143173358,4.714019984,7.230985031,1.533229136,0.344026836,0.035012815,1.058563169,1.668702085,0.432123221,4.221085948,2.314084988,0.0,6.238953732,9.611647341,5.746767737,0.444868114,2.378953286,2.240059982,2.29664472,2.511649632,0.998728283,4.595850574,0.210964662,12.68422805,0.791246138,0.148684311,0.0,1.880427571,7.810154155,4.749542598,0.0,2.581348773,0.243913466,2.609975618,8.858293847,0.584105258,0.0,6.211250289,0.0,2.615581576,0.0,1.029997461,0.276776092,0.169570703,3.186200564,0.303213317,0.98207493,0.0,4.744601547,4.863133247,1.733360844,1.954725536,7.764841864,4.129653375,7.858737173,0.0,7.529868203,5.437857589,2.471884805,9.098304984,2.672228405,11.89614517,0.377928444,0.788415579,2.134895546,12.20028602,22.36876769,1.521409491,2.739812211,3.665855177,4.299515468,0.334682897,0.272211611,8.382057693,4.232244318,3.966902972,15.09216281,0.0,0.135703195,0.067345051,7.317875576,3.746993369,0.279812002,3.247870147,3.100615079,0.81492894,3.297451534,3.779372436,1.614914698,2.925422215,0.0,6.288160891,3.647330429,1.785209569,0.251666665,0.60881351,1.777224301,6.618133714,0.451639097,9.092131413,0.0,6.841033801,0.858282658,0.088416149,0.56844006,3.755118077,0.0,7.148044335,15.41601824,0.956344699,14.59935934,2.466662344,0.901868436,1.173719578,1.725909058,1.269338141,8.238615375,5.177519279,0.0,32.12798967,3.788405676,11.03519747,0.099324266,1.586830344,0.0,0.676047635,16.4667833,0.6355649,6.74276565,6.05156332,0.12552703,8.755841796,0.0,6.173666031,6.833179386,0.550288499,0.045239054,7.641675086,0.139311838,5.654254455,1.089349031,4.612191457,2.928904818,0.0,2.094221807,0.513556825,4.382113265,3.807034265,4.578884688,1.716224159,0.829929708,0.216427465,3.739642995,0.490645572,0.268884378,1.764671351,13.18584454,2.620384095,5.127196626,12.6995887,0.0,0.879894393,0.125587286,3.902198828,20.76902233,5.555651514,14.82326087,1.774986914,3.381745391,0.595448677,4.789392164,2.436029922,0.0,0.0,0.359621635,0.404067778,0.726297071,802.1621292970005
2018,0.1632953,1.782738948,3.920109085,0.0,6.362975399,0.777674934,5.296940139,3.975771971,1.934451579,0.0,15.49352925,7.133063919,3.292832354,7.260751623,19.63120569,0.517113005,4.325983846,6.245507315,8.196338589,1.644603729,0.646058116,0.0,1.391841887,2.046129929,6.799182648,3.243026912,2.071854677,0.0,17.5773964,5.82203361,0.23643815,0.061742872,1.121810223,0.897242084,0.380310156,15.65057904,0.0,0.049288796,0.141493648,4.624338351,7.487331894,1.582527692,0.360437441,0.037112771,1.237519175,1.674186481,0.406474439,4.019234669,2.355764257,0.0,6.054174614,9.492068199,5.718343553,0.417134646,2.373439837,2.381636338,2.349517438,2.518806451,1.060625402,4.912274137,0.246177237,11.58870366,0.800863195,0.157840173,0.0,1.844955795,8.082639791,4.575874163,0.0,2.415920485,0.241218342,2.568059536,8.536196091,0.627538298,0.0,6.0580184,0.0,2.871268408,0.0,1.120698338,0.302071193,0.170730038,3.324745367,0.295778642,1.048237401,0.0,4.746529359,4.819673475,1.8126965,2.15559759,7.792523264,4.244982955,7.737323783,0.0,6.87621041,5.37687093,2.933707295,8.801681435,2.486623181,11.8513159,0.340321563,0.776920319,1.977721253,12.22524582,22.08921039,1.779275005,2.741627996,4.042188179,4.051370164,0.346246108,0.23448965,8.477868963,3.692177873,4.158422562,15.33020757,0.0,0.12755921,0.076061492,7.752148815,4.072103192,0.286721356,3.198316143,3.081558706,0.838005587,3.264040403,3.58639514,1.50923297,3.153369697,0.0,6.79764812,4.017826292,1.802987555,0.235625091,0.613312795,1.727729453,5.619029655,0.540651882,8.783850008,0.0,6.603273193,0.79034855,0.086887436,0.561021958,3.51601022,0.0,7.076542655,15.65387186,0.882587328,13.95790296,2.408503314,0.878423813,1.217641784,1.706509986,1.299279851,8.213615723,4.813385529,0.0,31.0675333,3.86105157,11.49657125,0.104861259,1.478626161,0.0,0.6634065,15.46639077,0.642096144,6.606418045,5.994088416,0.112416113,8.406228967,0.0,6.058635474,6.784338879,0.551423307,0.043975888,7.515678605,0.141218175,5.492571471,1.00092296,4.767534994,2.913848872,0.0,2.268396697,0.499024787,3.836892218,3.538991742,4.40199099,1.616400069,0.953757415,0.213092987,3.702372341,0.481082052,0.292809244,1.550402586,12.79283075,2.584476847,5.000359011,12.48525493,0.0,0.86918729,0.137143292,4.159783074,18.39067806,5.427748177,15.22254765,1.896042363,3.412721809,0.71751941,4.574011483,2.989137469,0.0,0.0,0.341068402,0.445489133,0.857411269,795.5092680419999
2019,0.159824372,1.69224832,3.977650459,0.0,6.481217432,0.792137069,5.354476455,3.740650291,2.086060678,0.0,15.23826715,7.293984252,3.542397828,7.291661097,20.26610279,0.556529455,4.355082032,6.122237765,8.095583954,1.639550009,0.618583746,0.0,1.375977209,1.940398005,6.382918043,3.147107071,2.057810839,0.0,16.13215855,5.61085728,0.246046246,0.062442671,1.181955675,0.98140655,0.364424922,15.43061283,0.0,0.050577648,0.141093412,4.821118299,7.605936961,1.609870831,0.376076363,0.036985586,1.349316017,1.632471558,0.421129515,4.063707833,2.286146065,0.0,5.998795283,9.022786158,5.107988509,0.431407701,2.367424267,2.535627952,2.261469817,2.484059911,1.208637136,3.945480032,0.251635846,7.672277909,0.836140045,0.163813429,0.0,1.831553275,7.372854761,4.468770089,0.0,2.416484011,0.247050718,2.717624226,7.911621016,0.658823541,0.0,5.59618907,0.0,2.946376075,0.0,1.162970924,0.309288541,0.171792958,3.640892855,0.294768414,1.048622992,0.0,4.74663103,4.548442258,1.797620119,2.290397148,7.598364845,4.440624129,7.245143221,0.0,6.919593718,5.311315442,2.845730012,8.540980205,2.438204112,11.45693783,0.423783898,0.765254095,2.18341993,11.79932538,22.0224164,1.556643256,2.609681834,3.955435862,4.076894274,0.362307409,0.23899343,8.380729344,3.945292108,4.198076022,15.30642656,0.0,0.152766255,0.077836684,7.927126037,3.973956262,0.29657102,3.293245606,3.061693238,0.872793555,3.294591006,3.521600048,1.581569507,3.324610168,0.0,7.153120086,4.179875994,1.959872285,0.246986412,0.679428523,1.691705428,5.574135884,0.470136453,8.437074627,0.0,6.830414187,0.800549594,0.092232251,0.573636206,3.996737213,0.0,6.722269985,15.28243639,0.879965499,13.88811733,3.141454996,0.863707514,1.165425232,1.745591927,1.345029057,7.773641839,4.339768426,0.0,32.47446876,3.817434477,11.79720293,0.105330369,1.522124134,0.0,0.697518721,15.28457873,0.651679184,6.616046939,6.248399634,0.115189573,8.307079491,0.0,5.698416255,6.512209378,0.537457043,0.04468071,7.507736092,0.153677683,5.09135092,1.090675627,4.731801491,2.95412906,0.0,2.350962452,0.481626765,4.558253785,3.405037919,4.359041462,1.506139442,1.010618692,0.21463496,3.836090019,0.479460533,0.293231207,1.531144401,12.32285487,2.557564208,4.75658475,12.26335409,0.0,0.858000839,0.132370788,3.936583531,19.32956328,5.220514488,14.67341061,1.874784543,3.47554445,0.70027542,3.939566209,3.488312636,0.0,0.0,0.380633361,0.380717051,0.80297852,785.9913976710001
